,job_id,client_id,load_info_staleness,placement_info_staleness,workflow_type,job_create_time,scheduler_type,slowdown,response_time
0,0,0,1,1,6,21.0,shepherd,1.3138383840190173,79.48722223315055
1,1,0,1,1,6,41.2,shepherd,1.8949060918380987,114.64181855620497
2,2,0,1,1,6,67.4,shepherd,1.275890395241611,77.19136891211747
3,40,0,1,1,6,1013.0000000000007,shepherd,1.7611740327661773,106.55102898235373
4,43,0,1,1,6,1085.6000000000008,shepherd,1.6720638366007334,101.15986211434438
5,129,0,1,1,6,3249.799999999994,shepherd,1.8940067954807858,114.58741112658754
6,142,0,1,1,6,3564.3999999999915,shepherd,2.058787219670705,124.55662679007764
7,174,0,1,1,6,4339.799999999986,shepherd,1.9325277744246254,116.91793035268984
8,195,0,1,1,6,4863.999999999982,shepherd,1.9366570349695003,117.16775061565477
9,217,0,1,1,6,5416.399999999978,shepherd,1.6817500930468938,101.74588062933708
10,252,0,1,1,6,6221.399999999971,shepherd,2.0209779313191265,122.26916484480716
11,272,0,1,1,6,6684.399999999968,shepherd,2.0083237573170747,121.50358731768301
12,298,0,1,1,6,7311.599999999963,shepherd,2.008944580697092,121.54114713217405
13,388,0,1,1,6,9558.599999999995,shepherd,1.9803728624196204,119.81255817638703
14,391,0,1,1,6,9641.199999999997,shepherd,1.7022104595221923,102.98373280109263
15,398,0,1,1,6,9821.600000000002,shepherd,2.022065527571898,122.33496441809984
16,404,0,1,1,6,9968.800000000007,shepherd,1.7990159164152175,108.84046294312066
17,456,0,1,1,6,11325.200000000044,shepherd,1.2450918267421618,75.3280555179008
18,487,0,1,1,6,12118.400000000067,shepherd,1.9992883996982085,120.95694818174161
19,561,0,1,1,6,13935.20000000012,shepherd,2.0034640395785597,121.20957439450285
20,661,0,1,1,6,16471.200000000194,shepherd,1.9931872878155708,120.58783091284204
21,743,0,1,1,6,18524.600000000253,shepherd,1.7528658261510504,106.04838248213855
22,801,0,1,1,6,19970.200000000295,shepherd,1.7853307532097145,108.01251056918773
23,841,0,1,1,6,20988.200000000325,shepherd,2.0379467725726483,123.29577974064523
24,863,0,1,1,6,21540.60000000034,shepherd,1.984151821477918,120.04118519941403
25,869,0,1,1,6,21695.800000000345,shepherd,1.669433053991082,101.00069976646046
26,884,0,1,1,6,22080.800000000356,shepherd,1.7634650951751445,106.68963825809624
27,889,0,1,1,6,22219.80000000036,shepherd,1.8376003762887871,111.17482276547162
28,913,0,1,1,6,22801.600000000377,shepherd,1.8408934333960478,111.3740527204609
29,923,0,1,1,6,23047.600000000384,shepherd,2.032114911928794,122.94295217169201
30,946,0,1,1,6,23638.2000000004,shepherd,1.695545969197148,102.58053113642745
31,981,0,1,1,6,24504.200000000426,shepherd,1.939553151747622,117.34296568073114
32,1031,0,1,1,6,25723.200000000463,shepherd,1.9037764000370598,115.17847220224212
33,1084,0,1,1,6,27073.8000000005,shepherd,2.018132241875809,122.09700063348646
34,1105,0,1,1,6,27595.000000000517,shepherd,2.0296246045773456,122.79228857692942
35,1143,0,1,1,6,28564.600000000544,shepherd,1.930067881721412,116.76910684414543
36,1203,0,1,1,6,30065.600000000588,shepherd,2.016441674474836,121.99472130572758
37,1220,0,1,1,6,30506.0000000006,shepherd,1.9977977693196114,120.8667650438365
38,1230,0,1,1,6,30753.000000000608,shepherd,1.8138659414903224,109.7388894601645
39,1232,0,1,1,6,30814.40000000061,shepherd,1.826863999625842,110.52527197736345
40,1237,0,1,1,6,30945.400000000613,shepherd,1.8804915776457742,113.76974044756935
41,1240,0,1,1,6,31025.000000000615,shepherd,1.9442571471515016,117.62755740266584
42,1265,0,1,1,6,31664.000000000633,shepherd,1.8549092615874483,112.22201032604062
43,1272,0,1,1,6,31828.400000000638,shepherd,1.7243728603236137,104.32455804957863
44,1287,0,1,1,6,32187.40000000065,shepherd,1.860197370612613,112.54194092206308
45,1290,0,1,1,6,32262.00000000065,shepherd,1.860381198221058,112.55306249237401
46,1310,0,1,1,6,32780.00000000067,shepherd,1.802846320125482,109.07220236759167
47,1327,0,1,1,6,33213.40000000062,shepherd,1.859621599408238,112.5071067641984
48,1364,0,1,1,6,34138.80000000051,shepherd,2.0052001480988952,121.31460895998316
49,1367,0,1,1,6,34218.4000000005,shepherd,1.900082968200787,114.9550195761476
50,1432,0,1,1,6,35774.400000000314,shepherd,1.7667471573379974,106.88820301894884
51,1435,0,1,1,6,35847.000000000306,shepherd,1.7542389204589965,106.13145468776929
52,1446,0,1,1,6,36126.20000000027,shepherd,2.0108682633830286,121.65752993467322
53,1465,0,1,1,6,36616.00000000022,shepherd,1.9574687561581405,118.4268597475675
54,1503,0,1,1,6,37567.60000000011,shepherd,1.9836152949119574,120.00872534217342
55,1539,0,1,1,6,38466.8,shepherd,1.9931371846383732,120.58479967062158
56,1557,0,1,1,6,38958.39999999995,shepherd,1.9515362849254845,118.06794523799181
57,1574,0,1,1,6,39398.7999999999,shepherd,1.9303892274601973,116.78854826134193
58,1587,0,1,1,6,39698.39999999986,shepherd,1.9771669937109129,119.61860311951023
59,1590,0,1,1,6,39777.999999999854,shepherd,1.7034171901344781,103.05674000313593
60,1593,0,1,1,6,39848.599999999846,shepherd,1.7658469748185623,106.83374197652302
61,1631,0,1,1,6,40847.199999999735,shepherd,1.9247442890922655,116.44702949008206
62,1805,0,1,1,6,45118.99999999923,shepherd,1.9317664128469885,116.8718679772428
63,1807,0,1,1,6,45167.39999999922,shepherd,1.8056395874473685,109.2411950405658
64,1822,0,1,1,6,45535.39999999918,shepherd,1.8293924504065548,110.67824324959656
65,1853,0,1,1,6,46350.59999999909,shepherd,1.7539250377343374,106.11246478292742
66,1888,0,1,1,6,47221.59999999899,shepherd,1.6249958821020352,98.31225086717313
67,1895,0,1,1,6,47385.99999999897,shepherd,1.7064512188019363,103.24029873751715
68,1917,0,1,1,6,47911.3999999989,shepherd,1.8979162885138787,114.82393545508967
69,2012,0,1,1,6,50299.399999998626,shepherd,1.7219188552214388,104.17609074089705
70,2035,0,1,1,6,50870.99999999856,shepherd,2.0210375436659844,122.27277139179205
71,2161,0,1,1,6,53989.19999999819,shepherd,1.8971865581238376,114.77978676649218
72,2164,0,1,1,6,54060.799999998184,shepherd,1.9539360953700557,118.21313376988837
73,2240,0,1,1,6,55955.99999999796,shepherd,1.7999259484406274,108.89551988065796
74,2242,0,1,1,6,56008.39999999796,shepherd,2.014620388512382,121.88453350499913
75,2272,0,1,1,6,56785.39999999787,shepherd,1.6867805654375452,102.05022420897149
76,2307,0,1,1,6,57657.39999999777,shepherd,1.7255915298680091,104.39828755701456
77,2312,0,1,1,6,57786.39999999775,shepherd,1.7540945502703775,106.12272029135784
78,2341,0,1,1,6,58526.19999999767,shepherd,1.971361475829747,119.2673692876997
79,2357,0,1,1,6,58922.39999999762,shepherd,2.0125508977292434,121.75932931261923
80,2408,0,1,1,6,60222.599999997474,shepherd,1.7876733708931885,108.1542389390379
81,2414,0,1,1,6,60367.799999997456,shepherd,1.9490903167506008,117.91996416341135
82,2479,0,1,1,6,61915.79999999727,shepherd,2.026025400284874,122.57453671723488
83,2501,0,1,1,6,62486.1999999972,shepherd,1.8859393704474052,114.09933191206801
84,2530,0,1,1,6,63203.99999999712,shepherd,1.8908294149042368,114.39517960170633
85,2624,0,1,1,6,65555.79999999685,shepherd,2.018922656962854,122.14482074625266
86,2726,0,1,1,6,68182.19999999655,shepherd,1.961319927496341,118.65985561352863
87,2780,0,1,1,6,69547.99999999639,shepherd,2.0198237528023406,122.19933704454161
88,2826,0,1,1,6,70723.19999999626,shepherd,2.0454239586578904,123.74814949880238
89,2832,0,1,1,6,70886.39999999624,shepherd,1.809551024946821,109.47783700928267
90,2838,0,1,1,6,71032.59999999622,shepherd,1.9429742745347494,117.54994360935234
91,2870,0,1,1,6,71854.99999999613,shepherd,1.8443252101532388,111.58167521427094
92,2880,0,1,1,6,72114.9999999961,shepherd,1.9220645325299264,116.28490421806055
93,2951,0,1,1,6,73801.1999999959,shepherd,1.9880002855541172,120.2740172760241
94,2959,0,1,1,6,73978.79999999587,shepherd,2.0205451214740395,122.24297984917939
95,2980,0,1,1,6,74518.99999999581,shepherd,1.893710123167002,114.56946245160361
96,2998,0,1,1,6,74956.59999999576,shepherd,1.731084493335244,104.73061184678227
97,3030,0,1,1,6,75752.99999999566,shepherd,1.806499560967315,109.29322343852255
98,3035,0,1,1,6,75877.99999999565,shepherd,1.9955231454954598,120.72915030247532
99,3058,0,1,1,6,76465.59999999558,shepherd,1.8160289172362152,109.86974949279102
100,3061,0,1,1,6,76542.19999999557,shepherd,1.938424943173487,117.27470906199596
101,3082,0,1,1,6,77064.39999999551,shepherd,1.8879463038097466,114.22075138048967
102,3085,0,1,1,6,77136.9999999955,shepherd,1.759630878740962,106.4576681638282
103,3107,0,1,1,6,77686.39999999544,shepherd,1.819815047751787,110.09881038898311
104,3126,0,1,1,6,78132.19999999538,shepherd,1.8373579653576477,111.1601569041377
105,3165,0,1,1,6,79100.99999999527,shepherd,1.869419110321713,113.09985617446364
106,3209,0,1,1,6,80253.79999999514,shepherd,1.9632753175637618,118.7781567126076
107,3237,0,1,1,6,81002.39999999506,shepherd,1.4383877053049159,87.02245617094741
108,3242,0,1,1,6,81122.39999999505,shepherd,1.8094020025051307,109.4688211515604
109,3245,0,1,1,6,81196.99999999504,shepherd,2.0301388094280095,122.82339797039458
110,3247,0,1,1,6,81249.39999999503,shepherd,2.028954870116845,122.75176964206912
111,3344,0,1,1,6,83663.79999999475,shepherd,1.637597374392198,99.07464115072798
112,3389,0,1,1,6,84797.79999999462,shepherd,2.0320183057864756,122.93710750008177
113,3398,0,1,1,6,85013.59999999459,shepherd,2.0494732601218857,123.99313223737408
114,3501,0,1,1,6,87591.1999999943,shepherd,1.7982255687594628,108.7926469099475
115,3609,0,1,1,6,90284.79999999398,shepherd,1.7612623094243367,106.55636972017237
116,3746,0,1,1,6,93752.19999999358,shepherd,1.8695027653009089,113.10491730070498
117,3767,0,1,1,6,94295.39999999352,shepherd,1.5862123529113588,95.9658473511372
118,3790,0,1,1,6,94871.99999999345,shepherd,2.01729094518338,122.04610218359448
119,3850,0,1,1,6,96347.99999999328,shepherd,1.9442246622381412,117.62559206540755
120,3870,0,1,1,6,96840.99999999322,shepherd,1.943393865033786,117.57532883454405
121,3873,0,1,1,6,96911.59999999321,shepherd,2.0029106912340713,121.17609681966132
122,3879,0,1,1,6,97069.79999999319,shepherd,1.887548272199698,114.19667046808172
123,3885,0,1,1,6,97206.99999999318,shepherd,1.8187153176683548,110.03227671893546
124,3892,0,1,1,6,97385.39999999315,shepherd,1.8885593200621988,114.25783886376303
125,3902,0,1,1,6,97622.39999999313,shepherd,1.9044453728492352,115.21894505737873
126,3948,0,1,1,6,98786.59999999299,shepherd,1.8722248890546385,113.26960578780563
127,4016,0,1,1,6,100500.1999999928,shepherd,1.9261047481717966,116.52933726439369
128,4043,0,1,1,6,101197.59999999272,shepherd,2.017978328061271,122.08768884770689
129,4063,0,1,1,6,101692.59999999266,shepherd,2.034424216618323,123.08266510540852
130,4124,0,1,1,6,103269.79999999248,shepherd,1.9767537626713487,119.5936026416166
131,4126,0,1,1,6,103343.19999999247,shepherd,2.0366436286876555,123.21693953560316
132,4163,0,1,1,6,104287.59999999237,shepherd,2.0245353458266444,122.48438842251198
133,4215,0,1,1,6,105594.99999999221,shepherd,1.9101339580663403,115.56310446301359
134,4331,0,1,1,6,108581.19999999188,shepherd,2.028342059762929,122.71469461565721
135,4403,0,1,1,6,110424.59999999167,shepherd,1.8490395059939935,111.86689011263661
136,4475,0,1,1,6,112299.99999999146,shepherd,1.9077706507432144,115.42012436996447
137,4525,0,1,1,6,113531.99999999131,shepherd,1.7691549342120845,107.0338735198311
138,4552,0,1,1,6,114250.39999999123,shepherd,1.6752893727514238,101.35500705146114
139,4575,0,1,1,6,114853.99999999117,shepherd,1.6277746215372728,98.480364603005
140,4601,0,1,1,6,115508.19999999109,shepherd,1.7104550087737873,103.48252803081414
141,4662,0,1,1,6,117068.39999999091,shepherd,1.7292880347782211,104.62192610408238
142,4664,0,1,1,6,117121.79999999091,shepherd,1.96765344038852,119.04303314350545
143,4726,0,1,1,6,118625.19999999073,shepherd,1.9256993406558072,116.50481010967633
144,4744,0,1,1,6,119084.79999999068,shepherd,1.636656096032657,99.01769380997575
145,4756,0,1,1,6,119390.19999999064,shepherd,1.8907075357654186,114.38780591380782
146,4759,0,1,1,6,119463.79999999063,shepherd,1.8661698063956726,112.9032732869382
147,4783,0,1,1,6,120067.59999999056,shepherd,1.7560703717063908,106.24225748823665
148,4851,0,1,1,6,121792.19999999036,shepherd,2.0349894217042297,123.1168600131059
149,4883,0,1,1,6,122567.59999999027,shepherd,1.7171016620594262,103.88465055459528
150,4886,0,1,1,6,122641.19999999026,shepherd,1.7385468278741676,105.18208308638714
151,4936,0,1,1,6,123866.19999999012,shepherd,1.5652242279128068,94.69606578872481
152,4937,0,1,1,6,123889.39999999011,shepherd,2.019455424662918,122.17705319210654
153,4960,0,1,1,6,124446.99999999005,shepherd,1.832810046156572,110.8850077924726
154,4961,0,1,1,6,124482.19999999004,shepherd,1.8606807183412246,112.57118345964409
155,4962,0,1,1,6,124511.39999999004,shepherd,1.2624751718177014,76.37974789497093
156,4963,0,1,1,6,124537.59999999004,shepherd,1.513046830752576,91.53933326053084
157,4964,0,1,1,6,124562.79999999003,shepherd,1.3738943475122036,83.12060802448832
158,4965,0,1,1,6,124590.99999999003,shepherd,1.3806884312503855,83.53165009064833
159,4966,0,1,1,6,124615.19999999003,shepherd,1.229531082603936,74.38663049753814
160,4967,0,1,1,6,124630.39999999003,shepherd,1.3708744066303657,82.93790160113713
161,4968,0,1,1,6,124649.59999999002,shepherd,1.2723393394479006,76.97653003659798
162,4969,0,1,1,6,124668.79999999002,shepherd,1.4483639120549052,87.62601667932176
163,4970,0,1,1,6,124697.99999999002,shepherd,1.2787471392162122,77.36420192258083
164,4971,0,1,1,6,124718.19999999001,shepherd,1.4505406865087138,87.75771153377718
165,4972,0,1,1,6,124745.39999999001,shepherd,1.3344609027046301,80.73488461363013
166,4973,0,1,1,6,124769.59999999001,shepherd,1.4553392863650094,88.04802682508307
167,4974,0,1,1,6,124791.79999999,shepherd,1.2976529897813116,78.50800588176935
168,4975,0,1,1,6,124822.99999999,shepherd,1.2878149465281585,77.91280426495359
169,4976,0,1,1,6,124848.19999999,shepherd,1.2859821965406102,77.80192289070692
170,4977,0,1,1,6,124868.39999999,shepherd,1.3234493715401396,80.06868697817845
171,4978,0,1,1,6,124898.59999999,shepherd,1.2432972767721278,75.21948524471372
172,4979,0,1,1,6,124930.79999998999,shepherd,1.3305063984512682,80.49563710630173
173,4980,0,1,1,6,124949.99999998999,shepherd,1.3616427599360073,82.37938697612844
174,4981,0,1,1,6,124977.19999998999,shepherd,1.3451787835445972,81.38331640444812
175,4982,0,1,1,6,124999.39999998998,shepherd,1.2910752317700767,78.11005152208963
176,4983,0,1,1,6,125020.59999998998,shepherd,1.396971023337981,84.51674691194785
177,4984,0,1,1,6,125044.79999998998,shepherd,1.2707455930678166,76.8801083806029
178,4985,0,1,1,6,125064.99999998997,shepherd,1.350876377707382,81.7280208512966
179,4986,0,1,1,6,125087.19999998997,shepherd,1.206324371604503,72.98262448207242
180,4987,0,1,1,6,125108.39999998997,shepherd,1.376293783521805,83.2657739030692
181,4988,0,1,1,6,125133.59999998996,shepherd,1.3435503882904392,81.28479849157156
182,4989,0,1,1,6,125160.79999998996,shepherd,1.3343961074034787,80.73096449791046
183,4990,0,1,1,6,125182.99999998996,shepherd,1.368343878528998,82.78480465100438
184,4991,0,1,1,6,125210.19999998996,shepherd,1.4123660501589121,85.44814603461418
185,4992,0,1,1,6,125231.39999998995,shepherd,1.4152025531865329,85.61975446778524
186,4993,0,1,1,6,125253.59999998995,shepherd,1.4664324186177067,88.71916132637125
187,4994,0,1,1,6,125274.79999998995,shepherd,1.2992172970682814,78.60264647263102
188,4995,0,1,1,6,125302.99999998994,shepherd,1.2785674792900585,77.35333249704854
189,4996,0,1,1,6,125326.19999998994,shepherd,1.3144073408517472,79.5216441215307
190,4997,0,1,1,6,125347.39999998994,shepherd,1.243111711998676,75.2082585759199
191,4998,0,1,1,6,125376.59999998994,shepherd,1.3289083808699953,80.39895704263472
192,4999,0,1,1,6,125399.79999998993,shepherd,1.418455721803966,85.81657116913993
193,5000,1,1,1,7,20.0,shepherd,1.4510064957119797,87.78589299057477
194,5001,1,1,1,7,49.2,shepherd,2.0812880798810607,125.91792883280418
195,5002,1,1,1,7,69.4,shepherd,2.1139568644916107,127.89439030174245
196,5007,1,1,1,7,191.39999999999998,shepherd,2.265462640633652,137.06048975833596
197,5078,1,1,1,7,1931.6000000000024,shepherd,2.263095508877225,136.91727828707212
198,5103,1,1,1,7,2553.599999999999,shepherd,2.2049052045921003,133.39676487782208
199,5138,1,1,1,7,3410.5999999999926,shepherd,2.134701522911907,129.14944213617036
200,5165,1,1,1,7,4104.999999999987,shepherd,2.097247352432863,126.88346482218822
201,5214,1,1,1,7,5335.799999999978,shepherd,2.295294212602588,138.8652998624566
202,5217,1,1,1,7,5412.399999999978,shepherd,2.050455569887155,124.05256197817289
203,5220,1,1,1,7,5488.999999999977,shepherd,1.9998287931229852,120.9896419839406
204,5249,1,1,1,7,6220.799999999972,shepherd,2.1538878763979685,130.3102165220771
205,5265,1,1,1,7,6623.999999999969,shepherd,1.8927667732522055,114.51238978175843
206,5272,1,1,1,7,6803.399999999968,shepherd,2.3185429111893554,140.271846126956
207,5283,1,1,1,7,7057.599999999966,shepherd,1.8645125891619176,112.80301164429602
208,5295,1,1,1,7,7351.999999999964,shepherd,2.0478917837945345,123.89745291956933
209,5386,1,1,1,7,9620.199999999997,shepherd,2.2289174732466877,134.84950713142462
210,5392,1,1,1,7,9750.400000000001,shepherd,2.209824415354572,133.6943771289516
211,5465,1,1,1,7,11557.000000000055,shepherd,2.2926374642172522,138.70456658514377
212,5468,1,1,1,7,11636.600000000057,shepherd,2.081303690017171,125.91887324603886
213,5482,1,1,1,7,11996.400000000067,shepherd,2.3147515196854456,140.04246694096946
214,5503,1,1,1,7,12502.600000000082,shepherd,2.2544271712064106,136.39284385798783
215,5542,1,1,1,7,13485.40000000011,shepherd,2.1307105706480436,128.90798952420664
216,5564,1,1,1,7,14075.800000000127,shepherd,1.4751189048527988,89.24469374359433
217,5573,1,1,1,7,14296.600000000133,shepherd,2.0531348454002782,124.21465814671683
218,5665,1,1,1,7,16639.0000000002,shepherd,2.2570134305358747,136.5493125474204
219,5707,1,1,1,7,17679.40000000023,shepherd,2.155680361014314,130.41866184136597
220,5711,1,1,1,7,17787.200000000234,shepherd,2.2236756314638972,134.53237570356578
221,5729,1,1,1,7,18217.800000000247,shepherd,1.9638325372092187,118.81186850115773
222,5745,1,1,1,7,18589.00000000026,shepherd,2.212415815075842,133.85115681208845
223,5800,1,1,1,7,20021.0000000003,shepherd,1.785701267388594,108.03492667700993
224,5851,1,1,1,7,21307.200000000335,shepherd,1.9786875328887423,119.7105957397689
225,5905,1,1,1,7,22664.000000000375,shepherd,2.001412777988226,121.08547306828768
226,5945,1,1,1,7,23643.000000000404,shepherd,1.818880514557748,110.04227113074376
227,6000,1,1,1,7,24973.000000000444,shepherd,1.9964441417598344,120.78487057646998
228,6003,1,1,1,7,25047.600000000446,shepherd,2.2619522522273496,136.84811125975466
229,6027,1,1,1,7,25616.400000000463,shepherd,2.2098491981013777,133.69587648513334
230,6035,1,1,1,7,25804.00000000047,shepherd,2.0971887902164745,126.8799218080967
231,6053,1,1,1,7,26288.600000000482,shepherd,2.0336885612500923,123.0381579556306
232,6056,1,1,1,7,26359.200000000485,shepherd,2.2497207359104148,136.1081045225801
233,6074,1,1,1,7,26807.800000000498,shepherd,2.2201658648578015,134.320034823897
234,6081,1,1,1,7,26986.200000000503,shepherd,2.326996965093713,140.78331638816962
235,6105,1,1,1,7,27586.00000000052,shepherd,2.2615019588926417,136.82086851300483
236,6133,1,1,1,7,28309.60000000054,shepherd,1.792965951666942,108.47444007585
237,6136,1,1,1,7,28376.200000000543,shepherd,2.1909900322651623,132.55489695204233
238,6145,1,1,1,7,28625.00000000055,shepherd,2.204552941959294,133.3754529885373
239,6149,1,1,1,7,28728.800000000552,shepherd,2.0736663999984355,125.45681719990534
240,6160,1,1,1,7,29024.00000000056,shepherd,2.213895790509878,133.94069532584763
241,6172,1,1,1,7,29331.40000000057,shepherd,2.1097608411786615,127.64053089130903
242,6201,1,1,1,7,30068.20000000059,shepherd,2.0357091740090163,123.1604050275455
243,6204,1,1,1,7,30147.800000000592,shepherd,1.9394091370999347,117.33425279454605
244,6208,1,1,1,7,30239.600000000595,shepherd,1.9261347930669142,116.53115498054831
245,6234,1,1,1,7,30890.800000000614,shepherd,1.8060712548186146,109.26731091652618
246,6241,1,1,1,7,31074.20000000062,shepherd,2.294067209313262,138.79106616345234
247,6287,1,1,1,7,32253.400000000653,shepherd,2.165141901395138,130.99108503440584
248,6297,1,1,1,7,32492.40000000066,shepherd,2.2190921536652435,134.25507529674724
249,6307,1,1,1,7,32716.400000000667,shepherd,2.206248910133311,133.4780590630653
250,6324,1,1,1,7,33146.80000000063,shepherd,1.86083948349521,112.5807887514602
251,6327,1,1,1,7,33209.40000000062,shepherd,2.2417326263886395,135.62482389651268
252,6353,1,1,1,7,33865.600000000544,shepherd,2.300266628355545,139.16613101551047
253,6393,1,1,1,7,34882.60000000043,shepherd,2.117918384510255,128.13406226287043
254,6399,1,1,1,7,35044.80000000041,shepherd,2.1380578084623445,129.35249741197185
255,6449,1,1,1,7,36302.800000000265,shepherd,2.269452549844513,137.30187926559302
256,6460,1,1,1,7,36600.00000000023,shepherd,2.1683309671875763,131.18402351484838
257,6511,1,1,1,7,37831.200000000084,shepherd,2.3123664413055662,139.89816969898675
258,6557,1,1,1,7,38958.39999999995,shepherd,2.221255868273087,134.38598003052175
259,6562,1,1,1,7,39086.399999999936,shepherd,2.192509407695303,132.64681916556583
260,6571,1,1,1,7,39284.19999999991,shepherd,2.258897763559083,136.66331469532452
261,6574,1,1,1,7,39357.7999999999,shepherd,2.337563737389133,141.42260611204256
262,6587,1,1,1,7,39694.39999999986,shepherd,2.2704066247360593,137.3596007965316
263,6590,1,1,1,7,39775.999999999854,shepherd,2.3265171016338915,140.75428464885044
264,6639,1,1,1,7,40996.79999999971,shepherd,2.1369116750565285,129.28315634091996
265,6651,1,1,1,7,41311.19999999968,shepherd,1.9151288626849274,115.86529619243811
266,6690,1,1,1,7,42288.99999999956,shepherd,2.051488907807983,124.11507892238296
267,6759,1,1,1,7,44030.79999999936,shepherd,2.2222179238662108,134.44418439390574
268,6765,1,1,1,7,44173.999999999345,shepherd,1.8504163046892539,111.95018643369986
269,6783,1,1,1,7,44633.59999999929,shepherd,2.2973427960224844,138.9892391593603
270,6803,1,1,1,7,45117.599999999235,shepherd,2.1050985109671703,127.3584599135138
271,6805,1,1,1,7,45167.99999999923,shepherd,2.026696583065748,122.61514327547775
272,6813,1,1,1,7,45381.599999999205,shepherd,1.959691814628833,118.56135478504439
273,6820,1,1,1,7,45538.999999999185,shepherd,2.204970166852389,133.40069509456953
274,6825,1,1,1,7,45672.99999999917,shepherd,1.5196184195961258,91.93691438556561
275,6834,1,1,1,7,45917.799999999144,shepherd,1.9943226552321835,120.6565206415471
276,6856,1,1,1,7,46473.19999999908,shepherd,1.4375451452158678,86.97148128556
277,6868,1,1,1,7,46771.599999999045,shepherd,2.317265174718918,140.19454307049455
278,6901,1,1,1,7,47597.19999999895,shepherd,2.273452174972357,137.5438565858276
279,6913,1,1,1,7,47909.599999998914,shepherd,2.0297784230061846,122.80159459187416
280,6927,1,1,1,7,48257.399999998874,shepherd,2.2233181291703357,134.51074681480532
281,6941,1,1,1,7,48595.19999999883,shepherd,2.233611443367679,135.13349232374458
282,6966,1,1,1,7,49224.19999999876,shepherd,1.8670668867349332,112.95754664746346
283,6974,1,1,1,7,49431.79999999874,shepherd,2.168978878364019,131.22322214102314
284,6998,1,1,1,7,50050.59999999867,shepherd,2.318003516152,140.239212727196
285,7006,1,1,1,7,50213.199999998644,shepherd,2.2024153679004854,133.24612975797936
286,7009,1,1,1,7,50293.799999998635,shepherd,2.159959101530171,130.67752564257535
287,7035,1,1,1,7,50946.99999999856,shepherd,2.319009629759383,140.3000826004427
288,7089,1,1,1,7,52273.7999999984,shepherd,2.3020750812733737,139.2755424170391
289,7096,1,1,1,7,52439.19999999838,shepherd,1.8616951265503905,112.63255515629862
290,7122,1,1,1,7,53103.399999998306,shepherd,2.2626268989058964,136.88892738380673
291,7158,1,1,1,7,53975.5999999982,shepherd,1.8527449569664896,112.09106989647262
292,7159,1,1,1,7,54003.7999999982,shepherd,1.9446796003035423,117.65311581836431
293,7164,1,1,1,7,54136.799999998184,shepherd,1.810879089179726,109.55818489537342
294,7263,1,1,1,7,56509.599999997896,shepherd,2.144722540262622,129.75571368588862
295,7314,1,1,1,7,57787.79999999775,shepherd,1.8292098299460438,110.66719471173565
296,7321,1,1,1,7,57954.19999999773,shepherd,2.2692911633690107,137.29211538382515
297,7326,1,1,1,7,58072.19999999771,shepherd,1.9762650264543962,119.56403410049097
298,7344,1,1,1,7,58524.79999999766,shepherd,2.281448105463906,138.02761038056633
299,7418,1,1,1,7,60362.599999997445,shepherd,2.1824490448014044,132.03816721048497
300,7427,1,1,1,7,60570.39999999742,shepherd,1.937915933400817,117.24391397074942
301,7444,1,1,1,7,60989.79999999737,shepherd,2.174115698851697,131.53399978052767
302,7483,1,1,1,7,62001.599999997256,shepherd,2.084876883613121,126.13505145859381
303,7500,1,1,1,7,62412.999999997206,shepherd,2.039388266045091,123.38299009572802
304,7507,1,1,1,7,62593.399999997186,shepherd,2.210916945673737,133.7604752132611
305,7563,1,1,1,7,64013.59999999702,shepherd,2.07591500954906,125.59285807771812
306,7566,1,1,1,7,64087.199999997014,shepherd,1.4718884353689254,89.04925033981999
307,7568,1,1,1,7,64133.59999999701,shepherd,2.3220023322663574,140.48114110211463
308,7598,1,1,1,7,64872.59999999692,shepherd,2.1462864246656435,129.85032869227143
309,7652,1,1,1,7,66223.39999999676,shepherd,1.780202032533986,107.70222296830616
310,7654,1,1,1,7,66274.79999999676,shepherd,2.0538978068115217,124.26081731209706
311,7656,1,1,1,7,66325.19999999675,shepherd,2.1705041534153358,131.3155012816278
312,7660,1,1,1,7,66429.99999999674,shepherd,2.0474202590720334,123.86892567385803
313,7665,1,1,1,7,66554.99999999673,shepherd,2.178459082475396,131.79677448976145
314,7693,1,1,1,7,67261.59999999664,shepherd,2.1725269502321303,131.4378804890439
315,7697,1,1,1,7,67370.39999999663,shepherd,1.7847532764763172,107.97757322681719
316,7730,1,1,1,7,68181.99999999654,shepherd,2.11543919798564,127.98407147813123
317,7736,1,1,1,7,68340.19999999652,shepherd,1.9052531307001312,115.26781440735795
318,7818,1,1,1,7,70410.59999999628,shepherd,1.8056113938055356,109.2394893252349
319,7824,1,1,1,7,70555.79999999626,shepherd,2.1787997174051723,131.8173829030129
320,7836,1,1,1,7,70870.19999999623,shepherd,2.0851054862413405,126.1488819176011
321,7881,1,1,1,7,72005.1999999961,shepherd,1.8648866125666788,112.82564006028406
322,7895,1,1,1,7,72342.99999999606,shepherd,2.1801858129574385,131.90124168392504
323,7913,1,1,1,7,72774.599999996,shepherd,2.2595811336013116,136.70465858287935
324,7935,1,1,1,7,73314.99999999594,shepherd,2.3101864993540486,139.76628321091994
325,7938,1,1,1,7,73387.59999999593,shepherd,2.0661736019867307,125.0035029201972
326,7982,1,1,1,7,74518.3999999958,shepherd,2.055683476216119,124.36885031107522
327,7992,1,1,1,7,74769.39999999577,shepherd,2.2682089705259756,137.22664271682152
328,7999,1,1,1,7,74932.79999999575,shepherd,2.310816867381415,139.80442047657561
329,8021,1,1,1,7,75470.19999999569,shepherd,1.9973026338319124,120.8368093468307
330,8032,1,1,1,7,75756.39999999566,shepherd,2.289910653333058,138.53959452665003
331,8035,1,1,1,7,75840.99999999565,shepherd,2.1390528854115938,129.41269956740143
332,8050,1,1,1,7,76226.9999999956,shepherd,2.005582669283954,121.33775149167923
333,8052,1,1,1,7,76282.3999999956,shepherd,2.195075422183616,132.80206304210878
334,8054,1,1,1,7,76335.7999999956,shepherd,2.195637759194067,132.83608443124103
335,8075,1,1,1,7,76870.99999999553,shepherd,2.3109385101261744,139.81177986263356
336,8100,1,1,1,7,77523.99999999546,shepherd,2.2859394036056395,138.2993339181412
337,8157,1,1,1,7,78930.3999999953,shepherd,2.293038617345949,138.7288363494299
338,8189,1,1,1,7,79759.7999999952,shepherd,2.2965888623453674,138.94362617189472
339,8216,1,1,1,7,80412.19999999512,shepherd,1.8956764754993178,114.68842676770873
340,8223,1,1,1,7,80599.5999999951,shepherd,2.134541384889244,129.13975378579926
341,8246,1,1,1,7,81200.19999999503,shepherd,2.118221628099145,128.15240849999827
342,8294,1,1,1,7,82477.7999999949,shepherd,2.2808209829509147,137.98966946853034
343,8295,1,1,1,7,82506.99999999489,shepherd,2.3066860022432696,139.55450313571782
344,8304,1,1,1,7,82743.79999999487,shepherd,2.0088400784324305,121.53482474516204
345,8307,1,1,1,7,82822.39999999486,shepherd,1.9290407396052494,116.70696474611759
346,8321,1,1,1,7,83187.19999999482,shepherd,2.067823388193078,125.10331498568121
347,8333,1,1,1,7,83515.59999999478,shepherd,2.212539897428023,133.8586637943954
348,8355,1,1,1,7,84065.99999999472,shepherd,2.1731491561792406,131.47552394884406
349,8426,1,1,1,7,85837.19999999451,shepherd,1.9696785170382394,119.16555028081348
350,8478,1,1,1,7,87105.59999999436,shepherd,2.3118246994649967,139.8653943176323
351,8486,1,1,1,7,87305.19999999434,shepherd,1.9747000468494602,119.46935283439234
352,8501,1,1,1,7,87668.1999999943,shepherd,1.8416554788767345,111.42015647204244
353,8511,1,1,1,7,87933.19999999426,shepherd,2.2553184577343264,136.44676669292676
354,8551,1,1,1,7,88942.19999999415,shepherd,2.1435729273886435,129.68616210701293
355,8557,1,1,1,7,89102.39999999413,shepherd,1.7115921467715347,103.55132487967785
356,8600,1,1,1,7,90190.999999994,shepherd,2.09431963632449,126.70633799763164
357,8613,1,1,1,7,90521.59999999397,shepherd,2.2499791089438617,136.12373609110364
358,8637,1,1,1,7,91112.3999999939,shepherd,2.3012427019695214,139.22518346915604
359,8667,1,1,1,7,91840.39999999381,shepherd,2.087200109996017,126.27560665475903
360,8670,1,1,1,7,91915.9999999938,shepherd,2.2896481147608414,138.5237109430309
361,8694,1,1,1,7,92542.79999999373,shepherd,2.2914508561777387,138.63277679875318
362,8720,1,1,1,7,93219.99999999366,shepherd,2.0887232056190164,126.36775393995049
363,8730,1,1,1,7,93480.99999999363,shepherd,2.1125984355542244,127.81220535103057
364,8750,1,1,1,7,94000.99999999357,shepherd,2.144115315527032,129.71897658938542
365,8771,1,1,1,7,94525.1999999935,shepherd,2.0124058551039576,121.75055423378944
366,8826,1,1,1,7,95934.19999999335,shepherd,2.0479345946579457,123.90004297680571
367,8830,1,1,1,7,96041.99999999334,shepherd,2.091108161692935,126.51204378242255
368,8851,1,1,1,7,96584.19999999327,shepherd,1.9873016098182752,120.23174739400565
369,8861,1,1,1,7,96840.19999999325,shepherd,2.1524153197612823,130.2211268455576
370,8873,1,1,1,7,97139.59999999321,shepherd,2.2066218135955413,133.50061972253025
371,8879,1,1,1,7,97283.79999999319,shepherd,1.7445277105009065,105.54392648530484
372,8885,1,1,1,7,97445.99999999318,shepherd,2.338967153910511,141.5075128115859
373,8897,1,1,1,7,97762.39999999314,shepherd,2.0570594034126906,124.45209390646778
374,8900,1,1,1,7,97831.99999999313,shepherd,2.1432706421813137,129.6678738519695
375,8913,1,1,1,7,98178.5999999931,shepherd,2.1951558826106874,132.8069308979466
376,8941,1,1,1,7,98921.19999999301,shepherd,2.071235636934207,125.30975603451952
377,8949,1,1,1,7,99139.79999999299,shepherd,2.313090170626596,139.94195532290905
378,8951,1,1,1,7,99196.19999999298,shepherd,2.095897667241535,126.80180886811286
379,8984,1,1,1,7,100014.79999999289,shepherd,2.3374523850745224,141.4158692970086
380,8998,1,1,1,7,100357.59999999285,shepherd,2.2031359841136937,133.28972703887848
381,9000,1,1,1,7,100410.99999999284,shepherd,2.2070494151172952,133.52648961459636
382,9029,1,1,1,7,101134.79999999276,shepherd,2.0605579629453374,124.6637567581929
383,9042,1,1,1,7,101455.39999999272,shepherd,2.223739827170339,134.5362595438055
384,9046,1,1,1,7,101549.1999999927,shepherd,2.0212974634583394,122.28849653922953
385,9086,1,1,1,7,102555.19999999259,shepherd,1.8746750509940773,113.41784058514168
386,9099,1,1,1,7,102860.79999999255,shepherd,2.3005888916189834,139.18562794294849
387,9102,1,1,1,7,102934.39999999254,shepherd,2.2707536411344185,137.38059528863232
388,9105,1,1,1,7,102993.99999999253,shepherd,2.3026152318360356,139.30822152608016
389,9108,1,1,1,7,103064.59999999253,shepherd,2.100005582249425,127.05033772609022
390,9121,1,1,1,7,103386.19999999249,shepherd,2.1317217731785822,128.96916727730422
391,9123,1,1,1,7,103428.59999999248,shepherd,1.833483071602094,110.92572583192668
392,9133,1,1,1,7,103687.59999999245,shepherd,2.211723020160282,133.80924271969707
393,9201,1,1,1,7,105429.19999999226,shepherd,1.8406794262063315,111.36110528548306
394,9246,1,1,1,7,106596.19999999212,shepherd,2.0770009716706683,125.65855878607545
395,9266,1,1,1,7,107081.19999999207,shepherd,1.806647355517917,109.30216500883398
396,9326,1,1,1,7,108594.19999999189,shepherd,1.9820229168202004,119.91238646762213
397,9329,1,1,1,7,108665.79999999188,shepherd,2.113027334466051,127.8381537351961
398,9367,1,1,1,7,109624.39999999177,shepherd,1.8859129003802322,114.09773047300405
399,9376,1,1,1,7,109845.19999999175,shepherd,2.2324778247588077,135.06490839790786
400,9390,1,1,1,7,110202.9999999917,shepherd,2.2783653161316257,137.84110162596335
401,9408,1,1,1,7,110674.59999999165,shepherd,2.1663313596504588,131.06304725885275
402,9421,1,1,1,7,111013.19999999162,shepherd,2.1539158996907526,130.31191193129052
403,9449,1,1,1,7,111690.79999999153,shepherd,2.233977182403886,135.1556195354351
404,9473,1,1,1,7,112291.59999999146,shepherd,2.302162289600444,139.28081852082687
405,9496,1,1,1,7,112838.1999999914,shepherd,1.9017824840795419,115.05784028681228
406,9537,1,1,1,7,113841.39999999128,shepherd,2.1259072996449393,128.61739162851882
407,9545,1,1,1,7,114056.99999999125,shepherd,2.02345375084628,122.41895192619995
408,9547,1,1,1,7,114103.39999999125,shepherd,2.15819382808659,130.5707265992387
409,9602,1,1,1,7,115503.39999999109,shepherd,2.135734518592088,129.21193837482133
410,9622,1,1,1,7,116018.39999999103,shepherd,2.2815148593494206,138.03164899063995
411,9691,1,1,1,7,117786.19999999083,shepherd,2.132306444305688,129.00453988049412
412,9724,1,1,1,7,118621.79999999073,shepherd,2.160075700932523,130.68457990641764
413,9755,1,1,1,7,119372.99999999064,shepherd,2.082696961995439,126.00316620072408
414,9761,1,1,1,7,119528.19999999063,shepherd,2.2561409572834026,136.49652791564586
415,9768,1,1,1,7,119700.5999999906,shepherd,2.30688191524828,139.56635587252094
416,9804,1,1,1,7,120578.7999999905,shepherd,2.1028286715007813,127.22113462579728
417,9833,1,1,1,7,121307.59999999042,shepherd,2.199544005306661,133.07241232105298
418,9837,1,1,1,7,121395.3999999904,shepherd,2.3099820517546648,139.75391413115722
419,9852,1,1,1,7,121787.39999999036,shepherd,2.1550364273269316,130.37970385327935
420,9860,1,1,1,7,121967.99999999034,shepherd,2.2678701199291944,137.20614225571626
421,9919,1,1,1,7,123379.79999999017,shepherd,2.201542767953928,133.19333746121265
422,9926,1,1,1,7,123551.19999999015,shepherd,2.033292176622622,123.01417668566864
423,9960,1,1,1,7,124437.99999999005,shepherd,2.19378697479188,132.72411197490874
424,9961,1,1,1,7,124464.19999999004,shepherd,1.5918164210060173,96.30489347086404
425,9962,1,1,1,7,124483.39999999004,shepherd,2.2918713987628885,138.65821962515474
426,9963,1,1,1,7,124506.59999999004,shepherd,1.4440535016115927,87.36523684750136
427,9964,1,1,1,7,124525.79999999003,shepherd,1.758163026346169,106.36886309394322
428,9965,1,1,1,7,124551.99999999003,shepherd,1.5719405218041482,95.10240156915097
429,9966,1,1,1,7,124572.19999999003,shepherd,1.5684811032460406,94.89310674638546
430,9967,1,1,1,7,124597.39999999003,shepherd,1.5739309589377575,95.22282301573432
431,9968,1,1,1,7,124622.59999999002,shepherd,1.4991187198313187,90.69668254979479
432,9969,1,1,1,7,124650.79999999002,shepherd,1.4642753483824267,88.58865857713681
433,9970,1,1,1,7,124683.99999999002,shepherd,1.2902242921986464,78.0585696780181
434,9971,1,1,1,7,124708.19999999001,shepherd,1.5368722121525664,92.98076883523026
435,9972,1,1,1,7,124732.39999999001,shepherd,1.530382489738649,92.58814062918827
436,9973,1,1,1,7,124760.59999999001,shepherd,1.5463443486847865,93.55383309542958
437,9974,1,1,1,7,124795.79999999,shepherd,1.5600327008778099,94.3819784031075
438,9975,1,1,1,7,124818.99999999,shepherd,1.3358069407895077,80.81631991776521
439,9976,1,1,1,7,124845.19999999,shepherd,1.4113601195199745,85.38728723095846
440,9977,1,1,1,7,124869.39999999,shepherd,1.5833395963887327,95.79204558151832
441,9978,1,1,1,7,124899.59999999,shepherd,1.503725131511571,90.97537045645004
442,9979,1,1,1,7,124928.79999998999,shepherd,1.352874838637163,81.84892773754837
443,9980,1,1,1,7,124951.99999998999,shepherd,1.6153274091595133,97.72730825415056
444,9981,1,1,1,7,124979.19999998999,shepherd,1.6568094143273082,100.23696956680214
445,9982,1,1,1,7,125002.39999998998,shepherd,1.632004963941218,98.73630031844368
446,9983,1,1,1,7,125023.59999998998,shepherd,1.6358176587334226,98.96696835337207
447,9984,1,1,1,7,125050.79999998998,shepherd,1.504659323445098,91.03188906842843
448,9985,1,1,1,7,125075.99999998997,shepherd,1.474230933544074,89.19097147941648
449,9986,1,1,1,7,125102.19999998997,shepherd,1.561430965406649,94.46657340710226
450,9987,1,1,1,7,125127.39999998997,shepherd,1.3610363196541193,82.34269733907422
451,9988,1,1,1,7,125151.59999998996,shepherd,1.5602379848337289,94.3943980824406
452,9989,1,1,1,7,125178.79999998996,shepherd,1.3945303619247553,84.3690868964477
453,9990,1,1,1,7,125201.99999998996,shepherd,1.409111213651226,85.25122842589917
454,9991,1,1,1,7,125223.19999998996,shepherd,1.4698370651364585,88.92514244075574
455,9992,1,1,1,7,125240.39999998995,shepherd,1.5534908283419604,93.9861951146886
456,9993,1,1,1,7,125267.59999998995,shepherd,1.3997888189710654,84.68722354774945
457,9994,1,1,1,7,125289.79999998995,shepherd,1.5035090770782644,90.962299163235
458,9995,1,1,1,7,125311.99999998994,shepherd,1.3508309254204867,81.72527098793944
459,9996,1,1,1,7,125337.19999998994,shepherd,1.3941733363370241,84.34748684838996
460,9997,1,1,1,7,125365.39999998994,shepherd,1.4085160985347056,85.2152239613497
461,9998,1,1,1,7,125394.59999998994,shepherd,1.5007781640706825,90.7970789262763
462,9999,1,1,1,7,125413.79999998993,shepherd,1.5272015132265424,92.39569155020581
463,10000,2,1,1,8,27.0,shepherd,1.6850927847029649,101.94811347452938
464,10001,2,1,1,8,54.2,shepherd,1.5927242885291875,96.35981945601584
465,10002,2,1,1,8,73.4,shepherd,2.204899338188946,133.3964099604312
466,10010,2,1,1,8,252.99999999999994,shepherd,2.5001152454588365,151.25697235025962
467,10042,2,1,1,8,1008.4000000000008,shepherd,2.4908497226015056,150.69640821739108
468,10068,2,1,1,8,1655.600000000002,shepherd,2.6411997248288226,159.79258335214377
469,10079,2,1,1,8,1927.8000000000025,shepherd,2.6224591088172122,158.65877608344135
470,10081,2,1,1,8,1975.2000000000025,shepherd,2.613148369017648,158.0954763255677
471,10090,2,1,1,8,2207.0000000000014,shepherd,2.611708364227352,158.0083560357548
472,10102,2,1,1,8,2493.399999999999,shepherd,2.4124561009796386,145.95359410926812
473,10138,2,1,1,8,3401.5999999999926,shepherd,2.6235994976092294,158.7277696053584
474,10145,2,1,1,8,3559.9999999999914,shepherd,2.340900739335057,141.62449472977096
475,10166,2,1,1,8,4080.1999999999875,shepherd,2.6058803116724043,157.65575885618046
476,10174,2,1,1,8,4273.799999999986,shepherd,2.034179616401943,123.06786679231755
477,10184,2,1,1,8,4521.799999999984,shepherd,2.4447980054464407,147.91027932950965
478,10219,2,1,1,8,5399.799999999977,shepherd,2.4435667715553477,147.83578967909853
479,10222,2,1,1,8,5487.399999999977,shepherd,2.5284827691734826,152.9732075349957
480,10235,2,1,1,8,5818.9999999999745,shepherd,2.57852086013285,156.0005120380374
481,10242,2,1,1,8,6003.399999999973,shepherd,2.518466929238825,152.36724921894893
482,10268,2,1,1,8,6690.5999999999685,shepherd,2.1392364258043632,129.42380376116398
483,10283,2,1,1,8,7052.599999999966,shepherd,2.321566459959887,140.45477082757316
484,10296,2,1,1,8,7355.199999999963,shepherd,2.466181456686924,149.2039781295589
485,10332,2,1,1,8,8220.399999999958,shepherd,2.6420722606015876,159.84537176639606
486,10341,2,1,1,8,8449.199999999964,shepherd,2.5694931938901577,155.45433823035455
487,10354,2,1,1,8,8754.799999999974,shepherd,2.231095281882863,134.9812645539132
488,10385,2,1,1,8,9523.999999999996,shepherd,2.4924875932421764,150.79549939115168
489,10386,2,1,1,8,9555.199999999997,shepherd,2.426606955699137,146.8097208197978
490,10389,2,1,1,8,9633.8,shepherd,2.254787132493972,136.4146215158853
491,10396,2,1,1,8,9808.200000000004,shepherd,2.576155329945593,155.8573974617084
492,10402,2,1,1,8,9963.400000000009,shepherd,2.315436259473568,140.08389369815086
493,10405,2,1,1,8,10051.000000000011,shepherd,1.6482831618592804,99.72113129248646
494,10434,2,1,1,8,10750.800000000032,shepherd,2.667120574881732,161.3607947803448
495,10442,2,1,1,8,10940.400000000038,shepherd,2.4156334108502504,146.14582135644014
496,10463,2,1,1,8,11485.600000000053,shepherd,2.414528358512662,146.07896569001605
497,10466,2,1,1,8,11553.200000000055,shepherd,2.6069168748153895,157.71847092633107
498,10469,2,1,1,8,11637.800000000057,shepherd,2.316373891710912,140.14062044851016
499,10472,2,1,1,8,11715.40000000006,shepherd,2.2358515546685407,135.2690190574467
500,10474,2,1,1,8,11764.800000000061,shepherd,2.6554301203976753,160.65352228405936
501,10533,2,1,1,8,13258.600000000104,shepherd,2.318184904337117,140.2501867123956
502,10535,2,1,1,8,13316.000000000106,shepherd,2.5037877884605533,151.47916120186346
503,10548,2,1,1,8,13668.600000000115,shepherd,2.037849039136061,123.28986686773169
504,10555,2,1,1,8,13875.00000000012,shepherd,2.682962131619131,162.31920896295742
505,10559,2,1,1,8,13967.800000000123,shepherd,2.507181403397835,151.684474905569
506,10569,2,1,1,8,14228.80000000013,shepherd,2.0567970004412026,124.43621852669276
507,10592,2,1,1,8,14821.400000000147,shepherd,2.68668598821525,162.54450228702262
508,10609,2,1,1,8,15213.80000000016,shepherd,2.522206223322037,152.59347651098324
509,10637,2,1,1,8,15895.40000000018,shepherd,2.0684856372913187,125.14338105612478
510,10640,2,1,1,8,15980.000000000182,shepherd,2.62982601973825,159.10447419416414
511,10648,2,1,1,8,16183.600000000188,shepherd,2.5713499780139206,155.5666736698422
512,10652,2,1,1,8,16285.40000000019,shepherd,2.6237966673550788,158.73969837498225
513,10670,2,1,1,8,16738.000000000204,shepherd,2.5457362540783377,154.01704337173942
514,10673,2,1,1,8,16808.600000000206,shepherd,2.3119043358190328,139.87021231705148
515,10714,2,1,1,8,17791.800000000236,shepherd,2.428296348426579,146.91192907980803
516,10717,2,1,1,8,17875.400000000238,shepherd,2.31258874831116,139.9116192728252
517,10724,2,1,1,8,18061.800000000243,shepherd,2.396261253456002,144.97380583408813
518,10732,2,1,1,8,18256.40000000025,shepherd,2.532386964950641,153.20941137951377
519,10745,2,1,1,8,18585.00000000026,shepherd,2.3473876523060704,142.01695296451726
520,10747,2,1,1,8,18631.40000000026,shepherd,2.1265242868635856,128.65471935524693
521,10772,2,1,1,8,19280.400000000278,shepherd,2.558706147663588,154.80172193364706
522,10779,2,1,1,8,19471.800000000283,shepherd,2.527655926220598,152.9231835363462
523,10790,2,1,1,8,19750.00000000029,shepherd,2.3773851373872343,143.83180081192768
524,10796,2,1,1,8,19888.200000000295,shepherd,2.647393442507932,160.1673032717299
525,10813,2,1,1,8,20302.600000000308,shepherd,2.524542175790486,152.7348016353244
526,10830,2,1,1,8,20713.00000000032,shepherd,2.5910636408565146,156.75935027181913
527,10840,2,1,1,8,20980.000000000327,shepherd,2.583689640444383,156.31322324688517
528,10858,2,1,1,8,21435.60000000034,shepherd,2.5543664102542984,154.53916782038505
529,10866,2,1,1,8,21620.200000000346,shepherd,2.452642917837926,148.38489652919452
530,10872,2,1,1,8,21775.40000000035,shepherd,2.620494703177872,158.53992954226123
531,10886,2,1,1,8,22137.20000000036,shepherd,2.5215499921131075,152.553774522843
532,10889,2,1,1,8,22211.800000000363,shepherd,2.652834187381543,160.49646833658335
533,10892,2,1,1,8,22281.400000000365,shepherd,2.4792026332274686,149.99175931026184
534,10916,2,1,1,8,22861.200000000383,shepherd,2.4373568609949903,147.4600900901969
535,10923,2,1,1,8,23051.600000000388,shepherd,2.5381869108059316,153.56030810375887
536,10940,2,1,1,8,23491.0000000004,shepherd,1.981053005090916,119.85370680800042
537,10972,2,1,1,8,24280.400000000423,shepherd,2.6036317710024965,157.51972214565103
538,10978,2,1,1,8,24414.600000000428,shepherd,2.596885568382878,157.11157688716412
539,10979,2,1,1,8,24439.80000000043,shepherd,2.5337959921032227,153.29465752224496
540,10982,2,1,1,8,24505.40000000043,shepherd,2.2894434416592064,138.51132822038198
541,10985,2,1,1,8,24584.000000000433,shepherd,2.609323252235096,157.86405676022332
542,10989,2,1,1,8,24665.800000000436,shepherd,2.5665682850246587,155.27738124399184
543,11001,2,1,1,8,24964.200000000445,shepherd,2.4685381046289,149.34655533004843
544,11014,2,1,1,8,25300.800000000454,shepherd,2.510055874529307,151.85838040902308
545,11034,2,1,1,8,25793.80000000047,shepherd,2.443472638037604,147.83009460127505
546,11041,2,1,1,8,25963.200000000474,shepherd,2.021679206025014,122.31159196451335
547,11046,2,1,1,8,26086.200000000477,shepherd,2.427098389207804,146.83945254707214
548,11075,2,1,1,8,26797.0000000005,shepherd,2.555294491096894,154.5953167113621
549,11083,2,1,1,8,26978.600000000504,shepherd,2.6100580622854572,157.90851276827016
550,11114,2,1,1,8,27760.800000000527,shepherd,2.145906667585674,129.82735338893326
551,11116,2,1,1,8,27811.20000000053,shepherd,2.66558186390334,161.26770276615207
552,11136,2,1,1,8,28305.200000000543,shepherd,2.100470993873011,127.07849512931716
553,11148,2,1,1,8,28618.60000000055,shepherd,2.4941619334622525,150.89679697446627
554,11152,2,1,1,8,28709.400000000554,shepherd,2.605231437256956,157.61650195404582
555,11155,2,1,1,8,28785.000000000557,shepherd,2.5629300783132276,155.05726973795026
556,11168,2,1,1,8,29090.600000000566,shepherd,2.6147927900180723,158.19496379609336
557,11215,2,1,1,8,30235.0000000006,shepherd,2.3576203249059957,142.63602965681275
558,11227,2,1,1,8,30507.40000000061,shepherd,2.476418413727064,149.82331403048738
559,11239,2,1,1,8,30814.800000000618,shepherd,2.128469039904363,128.77237691421396
560,11242,2,1,1,8,30887.40000000062,shepherd,2.0726658260046404,125.39628247328073
561,11249,2,1,1,8,31074.800000000625,shepherd,2.597045185689623,157.1212337342222
562,11250,2,1,1,8,31101.000000000626,shepherd,2.6476370299240157,160.18204031040295
563,11279,2,1,1,8,31829.800000000647,shepherd,2.0360665202028,123.1820244722694
564,11293,2,1,1,8,32173.600000000657,shepherd,2.3978286821366654,145.06863526926827
565,11296,2,1,1,8,32243.20000000066,shepherd,2.5295666712565947,153.03878361102397
566,11311,2,1,1,8,32610.20000000067,shepherd,2.573691409141473,155.7083302530591
567,11335,2,1,1,8,33206.000000000626,shepherd,2.490254626573306,150.660404907685
568,11366,2,1,1,8,33962.200000000536,shepherd,2.5710429363876335,155.54809765145183
569,11368,2,1,1,8,34008.60000000053,shepherd,2.335566484505957,141.3017723126104
570,11369,2,1,1,8,34038.80000000053,shepherd,2.5479707805057874,154.15223222060013
571,11373,2,1,1,8,34136.600000000515,shepherd,2.545604048825609,154.00904495394934
572,11402,2,1,1,8,34875.40000000043,shepherd,2.5153157969811413,152.17660571735905
573,11440,2,1,1,8,35823.00000000032,shepherd,2.5572438470701533,154.71325274774426
574,11452,2,1,1,8,36109.400000000285,shepherd,2.5883010595901976,156.59221410520695
575,11455,2,1,1,8,36186.00000000028,shepherd,2.565298808933176,155.20057794045715
576,11471,2,1,1,8,36608.20000000023,shepherd,2.548737801744796,154.19863700556016
577,11478,2,1,1,8,36766.60000000021,shepherd,2.352683696714119,142.3373636512042
578,11490,2,1,1,8,37057.000000000175,shepherd,2.4752964004531477,149.75543222741544
579,11562,2,1,1,8,38852.399999999965,shepherd,1.864984848401134,112.83158332826861
580,11565,2,1,1,8,38926.999999999956,shepherd,1.6238552296909645,98.24324139630335
581,11596,2,1,1,8,39702.199999999866,shepherd,2.2912603478468876,138.6212510447367
582,11599,2,1,1,8,39772.79999999986,shepherd,2.469539740842152,149.4071543209502
583,11602,2,1,1,8,39844.39999999985,shepherd,2.5005238012058086,151.28168997295143
584,11616,2,1,1,8,40190.19999999981,shepherd,2.5869287459979753,156.5091891328775
585,11620,2,1,1,8,40281.999999999796,shepherd,1.9139144061122924,115.79182156979368
586,11623,2,1,1,8,40347.59999999979,shepherd,2.4733986691945793,149.64061948627204
587,11630,2,1,1,8,40528.99999999977,shepherd,2.578843905446639,156.02005627952167
588,11674,2,1,1,8,41557.79999999964,shepherd,2.1699054946409526,131.27928242577764
589,11677,2,1,1,8,41634.39999999963,shepherd,2.490340040269556,150.66557243630814
590,11705,2,1,1,8,42302.99999999955,shepherd,2.0472121967469614,123.85633790319116
591,11736,2,1,1,8,43028.19999999946,shepherd,2.5392078243977485,153.62207337606378
592,11746,2,1,1,8,43270.19999999943,shepherd,2.133961149570744,129.10464954903
593,11785,2,1,1,8,44250.999999999316,shepherd,2.597596816206495,157.15460738049296
594,11798,2,1,1,8,44567.59999999928,shepherd,2.404758404111028,145.48788344871718
595,11804,2,1,1,8,44702.79999999926,shepherd,2.3314448457483294,141.05241316777392
596,11830,2,1,1,8,45364.999999999185,shepherd,2.5489902041523194,154.2139073512153
597,11839,2,1,1,8,45597.79999999916,shepherd,2.418786024707966,146.33655449483194
598,11852,2,1,1,8,45953.39999999912,shepherd,2.41753371416188,146.26078970679373
599,11853,2,1,1,8,45981.59999999912,shepherd,2.2645813962195716,137.0071744712841
600,11867,2,1,1,8,46340.39999999908,shepherd,2.393794603856624,144.82457353332575
601,11869,2,1,1,8,46392.79999999907,shepherd,2.4367333789524905,147.42236942662566
602,11884,2,1,1,8,46771.79999999903,shepherd,2.5930419801924405,156.87903980164265
603,11903,2,1,1,8,47212.59999999897,shepherd,2.244546408881794,135.79505773734854
604,11910,2,1,1,8,47385.99999999895,shepherd,2.0452711584032293,123.73890508339537
605,11948,2,1,1,8,48327.59999999884,shepherd,2.230142573629865,134.92362570460682
606,11951,2,1,1,8,48410.19999999883,shepherd,2.0181195120926567,122.09623048160574
607,11958,2,1,1,8,48605.59999999881,shepherd,2.2160435093713255,134.0706323169652
608,11982,2,1,1,8,49207.39999999874,shepherd,2.528242452246544,152.9586683609159
609,11985,2,1,1,8,49285.999999998734,shepherd,2.5876956521207517,156.55558695330546
610,12002,2,1,1,8,49711.399999998685,shepherd,2.3798452936575174,143.9806402662798
611,12030,2,1,1,8,50444.9999999986,shepherd,2.4760040022286804,149.79824213483516
612,12032,2,1,1,8,50498.3999999986,shepherd,2.580507866696701,156.1207259351504
613,12103,2,1,1,8,52274.59999999839,shepherd,2.557488443250917,154.72805081668048
614,12116,2,1,1,8,52616.19999999835,shepherd,2.165375532455163,131.00521971353737
615,12136,2,1,1,8,53089.199999998295,shepherd,2.597029536244895,157.12028694281616
616,12177,2,1,1,8,54130.399999998175,shepherd,2.4727023824174363,149.59849413625489
617,12213,2,1,1,8,55039.59999999807,shepherd,2.2860742074648863,138.30748955162562
618,12230,2,1,1,8,55474.99999999802,shepherd,2.463484852390401,149.04083356961928
619,12231,2,1,1,8,55501.19999999802,shepherd,2.3916176343388416,144.6928668774999
620,12270,2,1,1,8,56487.999999997905,shepherd,2.5351608410065856,153.37723088089842
621,12274,2,1,1,8,56584.79999999789,shepherd,2.461603240129102,148.92699602781067
622,12281,2,1,1,8,56777.19999999787,shepherd,2.28050846597377,137.9707621914131
623,12300,2,1,1,8,57274.99999999782,shepherd,2.4666855238968064,149.23447419575677
624,12315,2,1,1,8,57655.99999999777,shepherd,2.2273612038067867,134.75535283031058
625,12327,2,1,1,8,57956.39999999774,shepherd,2.4998692034676138,151.24208680979064
626,12334,2,1,1,8,58124.79999999772,shepherd,2.5565331126510333,154.67025331538753
627,12347,2,1,1,8,58445.39999999768,shepherd,2.6596368318052015,160.90802832421468
628,12353,2,1,1,8,58585.59999999766,shepherd,2.4138930156042373,146.04052744405635
629,12367,2,1,1,8,58923.39999999762,shepherd,2.5773140804000025,155.92750186420017
630,12373,2,1,1,8,59067.599999997605,shepherd,2.601809605982656,157.40948116195068
631,12376,2,1,1,8,59139.199999997596,shepherd,2.5150221425681307,152.1588396253719
632,12421,2,1,1,8,60282.199999997465,shepherd,2.419554416182973,146.3830421790699
633,12427,2,1,1,8,60419.39999999745,shepherd,2.440044485842054,147.62269139344426
634,12444,2,1,1,8,60830.7999999974,shepherd,2.5698909969393777,155.47840531483234
635,12489,2,1,1,8,61918.79999999727,shepherd,2.4426930164096903,147.78292749278626
636,12499,2,1,1,8,62162.79999999724,shepherd,2.581485004560788,156.17984277592768
637,12502,2,1,1,8,62247.39999999723,shepherd,2.583550584019659,156.30481033318938
638,12513,2,1,1,8,62532.5999999972,shepherd,2.5181581570241556,152.3485684999614
639,12537,2,1,1,8,63115.39999999713,shepherd,2.1151356216074375,127.96570510724996
640,12540,2,1,1,8,63186.99999999712,shepherd,2.5165761288599167,152.25285579602496
641,12572,2,1,1,8,64003.399999997026,shepherd,2.41960927650471,146.38636122853495
642,12605,2,1,1,8,64880.99999999693,shepherd,2.1887967131632884,132.42220114637894
643,12616,2,1,1,8,65128.1999999969,shepherd,2.358580818673026,142.6941395297181
644,12635,2,1,1,8,65555.99999999684,shepherd,2.2847856482657343,138.22953172007692
645,12637,2,1,1,8,65607.39999999684,shepherd,2.3713639341366926,143.4675180152699
646,12638,2,1,1,8,65629.59999999683,shepherd,2.387281067488515,144.43050458305515
647,12639,2,1,1,8,65657.79999999683,shepherd,2.4450537406272748,147.92575130795012
648,12645,2,1,1,8,65819.99999999681,shepherd,1.5950400757135281,96.49992458066845
649,12661,2,1,1,8,66225.19999999677,shepherd,2.0952617304781085,126.76333469392557
650,12716,2,1,1,8,67575.1999999966,shepherd,2.360932036787166,142.83638822562352
651,12719,2,1,1,8,67658.7999999966,shepherd,2.3540157456478212,142.41795261169318
652,12739,2,1,1,8,68163.79999999654,shepherd,2.666111877485619,161.29976858787995
653,12754,2,1,1,8,68544.7999999965,shepherd,2.2624881308593627,136.88053191699146
654,12797,2,1,1,8,69588.39999999637,shepherd,2.526149670673536,152.83205507574894
655,12813,2,1,1,8,69980.59999999632,shepherd,2.531338443517808,153.1459758328274
656,12833,2,1,1,8,70486.59999999627,shepherd,2.0363658208651123,123.20013216233929
657,12836,2,1,1,8,70559.19999999626,shepherd,2.3664941967049833,143.1728989006515
658,12846,2,1,1,8,70804.19999999623,shepherd,2.5526633224164303,154.43613100619405
659,12851,2,1,1,8,70942.19999999621,shepherd,2.5338082950213954,153.29540184879443
660,12862,2,1,1,8,71221.39999999618,shepherd,2.592472643353582,156.8445949228917
661,12890,2,1,1,8,71921.9999999961,shepherd,2.5419651380531327,153.78889085221454
662,12893,2,1,1,8,72003.59999999609,shepherd,2.295668926546283,138.8879700560501
663,12905,2,1,1,8,72329.99999999606,shepherd,2.50945988559421,151.8223230784497
664,12908,2,1,1,8,72416.59999999605,shepherd,2.4997079627495067,151.23233174634515
665,12946,2,1,1,8,73374.19999999594,shepherd,2.492913186465234,150.82124778114667
666,12956,2,1,1,8,73631.19999999591,shepherd,2.468948828102155,149.37140410018037
667,12959,2,1,1,8,73721.7999999959,shepherd,2.475146538629687,149.74636558709608
668,12969,2,1,1,8,73982.79999999587,shepherd,2.5557544391558022,154.62314356892603
669,13001,2,1,1,8,74768.19999999578,shepherd,2.5764283050671373,155.8739124565618
670,13008,2,1,1,8,74934.59999999576,shepherd,2.4210344958638634,146.47258699976373
671,13070,2,1,1,8,76460.99999999558,shepherd,2.5227384878205106,152.62567851314088
672,13072,2,1,1,8,76517.39999999557,shepherd,2.3714549571791883,143.4730249093409
673,13073,2,1,1,8,76539.59999999557,shepherd,2.456741449729326,148.63285770862421
674,13136,2,1,1,8,78131.19999999538,shepherd,2.5408740124014813,153.72287775028963
675,13148,2,1,1,8,78440.59999999535,shepherd,2.314987406247413,140.05673807796848
676,13164,2,1,1,8,78863.7999999953,shepherd,2.4111416057499766,145.87406714787357
677,13167,2,1,1,8,78932.3999999953,shepherd,2.5886174647776365,156.611356619047
678,13172,2,1,1,8,79036.39999999528,shepherd,2.494021955581453,150.8883283126779
679,13175,2,1,1,8,79103.99999999527,shepherd,2.597134472639204,157.12663559467182
680,13188,2,1,1,8,79400.59999999523,shepherd,1.8853579980373183,114.06415888125775
681,13223,2,1,1,8,80256.59999999513,shepherd,2.505557580680725,151.58623363118386
682,13230,2,1,1,8,80418.99999999511,shepherd,2.2073772336129767,133.54632263358508
683,13241,2,1,1,8,80683.19999999508,shepherd,2.4928830341993513,150.81942356906075
684,13256,2,1,1,8,81085.19999999503,shepherd,2.554014693816964,154.51788897592633
685,13257,2,1,1,8,81110.39999999503,shepherd,2.487350205107677,150.48468740901444
686,13276,2,1,1,8,81602.19999999498,shepherd,2.344119487383474,141.81922898670018
687,13285,2,1,1,8,81821.99999999495,shepherd,2.3483724438754674,142.07653285446577
688,13311,2,1,1,8,82500.19999999487,shepherd,2.5076521124680187,151.71295280431514
689,13314,2,1,1,8,82565.79999999487,shepherd,2.4561445799082313,148.596747084448
690,13315,2,1,1,8,82585.99999999486,shepherd,2.529020742569282,153.00575492544158
691,13317,2,1,1,8,82624.39999999486,shepherd,2.542923634382367,153.8468798801332
692,13325,2,1,1,8,82813.99999999483,shepherd,2.2705798456365964,137.37008066101407
693,13358,2,1,1,8,83640.59999999474,shepherd,2.4486500434928633,148.14332763131824
694,13374,2,1,1,8,84059.79999999469,shepherd,2.442208040719236,147.75358646351378
695,13380,2,1,1,8,84209.99999999467,shepherd,2.5329284022260583,153.24216833467653
696,13391,2,1,1,8,84472.19999999464,shepherd,2.298774417690367,139.0758522702672
697,13401,2,1,1,8,84720.19999999461,shepherd,2.6214635006790936,158.59854179108515
698,13416,2,1,1,8,85102.19999999457,shepherd,2.0403088811950467,123.43868731230032
699,13446,2,1,1,8,85812.19999999448,shepherd,2.5592608613497,154.83528211165685
700,13486,2,1,1,8,86764.19999999437,shepherd,2.54746210988306,154.12145764792513
701,13493,2,1,1,8,86936.59999999435,shepherd,2.320712634800281,140.403114405417
702,13517,2,1,1,8,87577.39999999428,shepherd,2.36535992452895,143.10427543400147
703,13523,2,1,1,8,87715.59999999426,shepherd,2.6683450194336915,161.43487367573834
704,13524,2,1,1,8,87744.79999999425,shepherd,2.500075073432887,151.25454194268968
705,13527,2,1,1,8,87813.39999999425,shepherd,2.11660515742515,128.05461202422157
706,13558,2,1,1,8,88591.59999999416,shepherd,2.4433757552907376,147.82423319508962
707,13585,2,1,1,8,89328.99999999408,shepherd,2.685625036019295,162.48031467916735
708,13608,2,1,1,8,89889.59999999401,shepherd,2.602572324563805,157.4556256361102
709,13626,2,1,1,8,90331.19999999396,shepherd,2.6091791651406986,157.85533949101227
710,13654,2,1,1,8,91022.79999999388,shepherd,2.3890545377019534,144.5377995309682
711,13655,2,1,1,8,91044.99999999387,shepherd,2.37618326485996,143.75908752402756
712,13660,2,1,1,8,91176.99999999386,shepherd,1.8172054876326122,109.94093200177304
713,13661,2,1,1,8,91207.19999999386,shepherd,2.5382337286146663,153.56314058118733
714,13663,2,1,1,8,91256.59999999385,shepherd,2.624490114353926,158.78165191841254
715,13673,2,1,1,8,91497.59999999382,shepherd,2.32924253744562,140.91917351546
716,13687,2,1,1,8,91840.39999999378,shepherd,2.2700045361935954,137.33527443971252
717,13714,2,1,1,8,92453.7999999937,shepherd,2.642661922153332,159.88104629027657
718,13727,2,1,1,8,92792.39999999366,shepherd,2.595343456402025,157.0182791123225
719,13768,2,1,1,8,93827.59999999354,shepherd,2.1459881385024886,129.83228237940057
720,13775,2,1,1,8,93989.99999999352,shepherd,2.519094310397107,152.40520577902498
721,13784,2,1,1,8,94218.7999999935,shepherd,2.5280625520926834,152.94778440160735
722,13786,2,1,1,8,94273.19999999349,shepherd,2.6113241315838085,157.9851099608204
723,13795,2,1,1,8,94506.99999999347,shepherd,2.484115701636361,150.28899994899984
724,13828,2,1,1,8,95311.59999999337,shepherd,2.5604178811392693,154.9052818089258
725,13861,2,1,1,8,96103.19999999327,shepherd,2.4120873824985742,145.93128664116375
726,13879,2,1,1,8,96574.79999999322,shepherd,2.496118554562111,151.0151725510077
727,13886,2,1,1,8,96741.1999999932,shepherd,2.6055741023545513,157.63723319245037
728,13890,2,1,1,8,96831.99999999319,shepherd,2.423775480441751,146.63841656672594
729,13893,2,1,1,8,96909.59999999318,shepherd,2.649303569042553,160.28286592707445
730,13899,2,1,1,8,97074.79999999316,shepherd,2.0901784265013643,126.45579480333254
731,13904,2,1,1,8,97208.79999999315,shepherd,2.2257924224562706,134.66044155860436
732,13906,2,1,1,8,97265.19999999314,shepherd,2.4841187856073996,150.28918652924767
733,13948,2,1,1,8,98308.59999999302,shepherd,2.5879426810713406,156.57053220481612
734,13951,2,1,1,8,98369.19999999301,shepherd,2.5086787571762073,151.77506480916054
735,13954,2,1,1,8,98453.799999993,shepherd,2.603570374481963,157.51600765615876
736,13975,2,1,1,8,98955.99999999294,shepherd,2.514643786037543,152.13594905527134
737,13976,2,1,1,8,98983.19999999294,shepherd,2.4550156816691047,148.52844874098082
738,14009,2,1,1,8,99853.79999999284,shepherd,2.0500548841051223,124.0283204883599
739,14030,2,1,1,8,100353.99999999278,shepherd,2.459001336264047,148.76958084397484
740,14035,2,1,1,8,100495.99999999277,shepherd,2.4214783523350567,146.49944031627092
741,14036,2,1,1,8,100522.19999999276,shepherd,2.6363675633285673,159.50023758137831
742,14039,2,1,1,8,100589.79999999276,shepherd,2.568497554972731,155.39410207585024
743,14075,2,1,1,8,101460.99999999265,shepherd,2.4546056515876344,148.5036419210519
744,14094,2,1,1,8,101925.7999999926,shepherd,2.4955938685375596,150.98342904652236
745,14100,2,1,1,8,102089.99999999258,shepherd,2.6117809027934173,158.01274461900175
746,14108,2,1,1,8,102282.59999999256,shepherd,2.2652103201703127,137.0452243703039
747,14119,2,1,1,8,102555.79999999252,shepherd,2.1314362488503757,128.95189305544773
748,14125,2,1,1,8,102706.9999999925,shepherd,2.5405305270892127,153.70209688889736
749,14131,2,1,1,8,102859.19999999249,shepherd,2.389442714720614,144.56128424059716
750,14148,2,1,1,8,103268.59999999244,shepherd,2.5093126423567464,151.81341486258316
751,14156,2,1,1,8,103484.19999999242,shepherd,2.565139338918692,155.19093000458088
752,14164,2,1,1,8,103675.79999999239,shepherd,2.5438567101760587,153.90333096565155
753,14174,2,1,1,8,103907.79999999236,shepherd,2.5005502683656053,151.2832912361191
754,14186,2,1,1,8,104200.19999999233,shepherd,2.261262256195836,136.80636649984808
755,14190,2,1,1,8,104290.99999999232,shepherd,2.594815498877948,156.98633768211585
756,14199,2,1,1,8,104517.79999999229,shepherd,2.009943076396892,121.60155612201197
757,14206,2,1,1,8,104687.19999999227,shepherd,2.375646191513241,143.72659458655107
758,14231,2,1,1,8,105308.1999999922,shepherd,2.533676769090374,153.28744452996762
759,14236,2,1,1,8,105426.19999999218,shepherd,2.0154128804406506,121.93247926665936
760,14239,2,1,1,8,105492.79999999217,shepherd,2.6187643399844545,158.43524256905948
761,14240,2,1,1,8,105518.99999999217,shepherd,2.5475046006057793,154.12402833664964
762,14246,2,1,1,8,105679.19999999215,shepherd,2.6798904487126687,162.13337214711646
763,14292,2,1,1,8,106854.39999999202,shepherd,2.4063262846474807,145.58274022117257
764,14298,2,1,1,8,107032.599999992,shepherd,2.3772770673118835,143.82526257236896
765,14301,2,1,1,8,107104.199999992,shepherd,2.528634702180193,152.98239948190167
766,14302,2,1,1,8,107128.39999999199,shepherd,2.6380462250636203,159.60179661634902
767,14328,2,1,1,8,107792.59999999191,shepherd,2.371705337407833,143.4881729131739
768,14343,2,1,1,8,108152.59999999187,shepherd,2.6675944503294287,161.38946424493042
769,14360,2,1,1,8,108587.99999999182,shepherd,2.426352339231242,146.79431652349012
770,14362,2,1,1,8,108634.39999999182,shepherd,2.5278267044105474,152.93351561683812
771,14363,2,1,1,8,108665.59999999181,shepherd,2.308724599111583,139.67783824625076
772,14368,2,1,1,8,108798.5999999918,shepherd,2.6203535790374786,158.53139153176744
773,14375,2,1,1,8,108973.99999999178,shepherd,1.9425617844452754,117.52498795893916
774,14400,2,1,1,8,109560.9999999917,shepherd,2.6215954959531573,158.606527505166
775,14411,2,1,1,8,109848.19999999167,shepherd,2.6500271547526557,160.32664286253566
776,14415,2,1,1,8,109950.99999999166,shepherd,2.6450044751708,160.02277074783342
777,14422,2,1,1,8,110121.39999999164,shepherd,2.3952497728907383,144.91261125988967
778,14434,2,1,1,8,110414.7999999916,shepherd,2.403182859142159,145.3925629781006
779,14437,2,1,1,8,110486.3999999916,shepherd,2.590895041617255,156.74915001784393
780,14444,2,1,1,8,110662.79999999158,shepherd,2.5752887611074398,155.8049700470001
781,14460,2,1,1,8,111053.99999999153,shepherd,2.453893611622274,148.46056350314757
782,14508,2,1,1,8,112207.59999999139,shepherd,2.430597833209827,147.05116890919453
783,14542,2,1,1,8,113053.39999999129,shepherd,2.720355909716767,164.5815325378644
784,14545,2,1,1,8,113140.99999999128,shepherd,2.566387654621537,155.266453104603
785,14561,2,1,1,8,113518.19999999124,shepherd,2.4310233167145103,147.07691066122788
786,14573,2,1,1,8,113827.5999999912,shepherd,2.626646309182787,158.9121017055586
787,14589,2,1,1,8,114249.79999999116,shepherd,2.154130424659801,130.32489069191797
788,14610,2,1,1,8,114758.9999999911,shepherd,2.5983806440319523,157.20202896393312
789,14613,2,1,1,8,114827.59999999109,shepherd,2.467044185761416,149.25617323856568
790,14623,2,1,1,8,115068.59999999106,shepherd,2.5456125843146244,154.0095613510348
791,14628,2,1,1,8,115193.59999999104,shepherd,2.6363295976686856,159.49794065895549
792,14631,2,1,1,8,115272.19999999103,shepherd,2.1891325983932735,132.44252220279304
793,14641,2,1,1,8,115491.199999991,shepherd,2.5876068176017606,156.5502124649065
794,14644,2,1,1,8,115574.799999991,shepherd,2.3056489072979645,139.49175889152684
795,14663,2,1,1,8,116017.59999999094,shepherd,2.58496508300848,156.39038752201304
796,14666,2,1,1,8,116084.19999999093,shepherd,1.768399260218028,106.9881552431907
797,14698,2,1,1,8,116899.59999999084,shepherd,2.6727992512799474,161.70435470243683
798,14727,2,1,1,8,117618.39999999075,shepherd,2.6500730890163013,160.32942188548623
799,14737,2,1,1,8,117867.39999999072,shepherd,2.5417827660261656,153.77785734458303
800,14750,2,1,1,8,118190.99999999069,shepherd,2.4462666026928006,147.99912946291442
801,14755,2,1,1,8,118339.99999999067,shepherd,2.4440689253096934,147.86616998123645
802,14756,2,1,1,8,118366.19999999067,shepherd,2.366907033687342,143.1978755380842
803,14764,2,1,1,8,118557.79999999065,shepherd,2.483866257001338,150.27390854858095
804,14767,2,1,1,8,118619.39999999064,shepherd,2.525520933324169,152.79401646611223
805,14797,2,1,1,8,119379.39999999055,shepherd,2.465821748306207,149.18221577252552
806,14800,2,1,1,8,119454.99999999054,shepherd,2.606253287577684,157.6783238984499
807,14803,2,1,1,8,119528.59999999053,shepherd,2.342206644360457,141.70350198380766
808,14852,2,1,1,8,120746.39999999039,shepherd,2.325342812329581,140.68324014593964
809,14856,2,1,1,8,120853.19999999038,shepherd,2.1665969524820707,131.0791156251653
810,14872,2,1,1,8,121259.39999999033,shepherd,2.3566282045777815,142.57600637695577
811,14879,2,1,1,8,121442.79999999031,shepherd,2.277999072884544,137.81894390951493
812,14884,2,1,1,8,121587.7999999903,shepherd,2.5691051702380703,155.43086279940326
813,14892,2,1,1,8,121782.39999999027,shepherd,2.2384824186300354,135.42818632711715
814,14918,2,1,1,8,122395.5999999902,shepherd,2.46199281744886,148.95056545565603
815,14921,2,1,1,8,122480.19999999019,shepherd,2.538878351081238,153.60214024041488
816,14927,2,1,1,8,122631.39999999017,shepherd,2.578975396427809,156.02801148388244
817,14938,2,1,1,8,122886.59999999014,shepherd,2.066930747862034,125.04931024565303
818,14954,2,1,1,8,123237.7999999901,shepherd,2.6787932833140977,162.06699364050291
819,14979,2,1,1,8,123886.79999999002,shepherd,2.425985638406763,146.77213112360914
820,14989,2,1,1,8,124120.79999998999,shepherd,2.5307253875554645,153.1088859471056
